"cluster_id_entity","usample","channel","depth_top_cm","depth_mid_cm","depth_bot_cm","thick_cm","age_mid_cal_yr_bp","age_top_cal_yr_bp","age_bot_cal_yr_bp","age_source","NAME","ELEMENT","size_min_um","size_max_um","size_min_open","size_max_open","UNITS","CONTEXT","context_source","TAPHONOMY","GROUP","value","value_orig","value_conversion","value_source_column","sample_quantity_value","sample_quantity_ELEMENT","sample_quantity_UNITS","data_source","data_entity","original_fire_proxy","original_meas_type","original_meas_detail","original_meas_method","original_proxy_class","original_quant_units","original_quant_units_raw","parsed_size_token","parsed_unit_token","depth_source","depth_repair_method","n_db_contrib","db_contrib","vocab_flags","entity_name","lat_dd_north","lon_dd_east","elev_m","hemisphere","country_entity","location_desc","depo_context","cluster_id","pubtypeid","year","citation","articletitle","journal","volume","issue","pages","citationnumber","doi","booktitle","numvolumes","edition","volumetitle","seriestitle","seriesvolume","publisher","url_pub","city","state","country","originallanguage","notes_pub","pub_source","cluster_id_contact","contactname","contactstatusid","familyname","leadinginitials","givennames","suffix","title","phone","fax","email","url","address","notes","contact_source","cluster_id_geo","db_geo","source_entity","date_id","depth_cm_geo","depth_orig_geo","depth_unit_geo","thick_cm_geo","date_type","material","age_14C","error","cal_age_geo","cal_curve","lab_number","included","exclude_reason","notes_geo","datasetname","controlled_units","controlled_element","X","X.1","X.2","age_geo","chroncontrol_limityounger","chroncontrol_limitolder","chroncontrol_age","chroncontrol_depth","chroncontrol_thickness","chroncontrol_comments","chronology_notes_full","controlled_dep","neotoma_geochrontype","neotoma_chroncontroltypes","ageboundyounger","ageboundolder","agetype","datasettype","datasetnotes_full","samplenotes_full"
"1100",0,"charcoal | 10-150um num",NA,0,NA,NA,NA,NA,NA,NA,"Charcoal (sum)","10-150 µm",10,150,"False","False","number","Microscopic charcoal (pollen slide)","direct",NA,"CHAR",101,NA,NA,"quant_raw",0.25,"volume","cm^3","RPDv1b",2049,"charcoal","count","unspec","pollen_slide","particle","10-150um num",NA,"10-150um","num","RPDv1b","measured",1,"RPDv1b","ELEMENT=10-150 µm","ECSF T2250 core",-3.980917,-79.074472,1990,"south",NA,NA,"soil",1100,1,2009,"Niemann, H., Behling, H., 2009. Late Holocene environmental change and human impact inferred from three soil monoliths and the Laguna Zurita multi-proxi record in the southeastern Ecuadorian Andes. Vegetation History and Archaeobotany 19, 1–15.","Late Holocene environmental change and human impact inferred from three soil monoliths and the Laguna Zurita multi-proxi record in the southeastern Ecuadorian Andes","Vegetation History and Archaeobotany",19,NA,"1-15",NA,"10.1007/s00334-009-0226-6",NA,NA,NA,NA,NA,NA,NA,NA,NA,NA,NA,NA,NA,"RPDv1b:2049",1100,"Niemann, H.",1,"Niemann","H.",NA,NA,NA,NA,NA,NA,NA,NA,NA,"RPDv1b:2049",1100,"RPDv1b",2049,17290,0.21,0.21,"cm",NA,"AMS","soil",708,43,NA,NA,"Erl-8901",FALSE,"contamination suspected","NA Date is in uncalibrated radiocarbon years.. Excluded from chroncontrols because contamination suspected","ECSF T2250 core_POLLENSLIDE","counted","10-150",NA,NA,"",708,NA,NA,NA,NA,NA,NA,". Cal curve: NA. Source DB: RPDv1b","","Carbon-14",NA,NA,NA,"Calibrated radiocarbon years BP","sedimentary charcoal","Data Sourcing: RPDv1b","Sample Age Source: NA"
"1100",1,"charcoal | 10-150um num",NA,2,NA,NA,NA,NA,NA,NA,"Charcoal (sum)","10-150 µm",10,150,"False","False","number","Microscopic charcoal (pollen slide)","direct",NA,"CHAR",102,NA,NA,"quant_raw",0.25,"volume","cm^3","RPDv1b",2049,"charcoal","count","unspec","pollen_slide","particle","10-150um num",NA,"10-150um","num","RPDv1b","measured",1,"RPDv1b","ELEMENT=10-150 µm","ECSF T2250 core",-3.980917,-79.074472,1990,"south",NA,NA,"soil",1100,1,2009,"Niemann, H., Behling, H., 2009. Late Holocene environmental change and human impact inferred from three soil monoliths and the Laguna Zurita multi-proxi record in the southeastern Ecuadorian Andes. Vegetation History and Archaeobotany 19, 1–15.","Late Holocene environmental change and human impact inferred from three soil monoliths and the Laguna Zurita multi-proxi record in the southeastern Ecuadorian Andes","Vegetation History and Archaeobotany",19,NA,"1-15",NA,"10.1007/s00334-009-0226-6",NA,NA,NA,NA,NA,NA,NA,NA,NA,NA,NA,NA,NA,"RPDv1b:2049",1100,"Niemann, H.",1,"Niemann","H.",NA,NA,NA,NA,NA,NA,NA,NA,NA,"RPDv1b:2049",1100,"RPDv1b",2049,17290,0.21,0.21,"cm",NA,"AMS","soil",708,43,NA,NA,"Erl-8901",FALSE,"contamination suspected","NA Date is in uncalibrated radiocarbon years.. Excluded from chroncontrols because contamination suspected","ECSF T2250 core_POLLENSLIDE","counted","10-150",NA,NA,"",708,NA,NA,NA,NA,NA,NA,". Cal curve: NA. Source DB: RPDv1b","","Carbon-14",NA,NA,NA,"Calibrated radiocarbon years BP","sedimentary charcoal","Data Sourcing: RPDv1b","Sample Age Source: NA"
"1100",2,"charcoal | 10-150um num",NA,4,NA,NA,NA,NA,NA,NA,"Charcoal (sum)","10-150 µm",10,150,"False","False","number","Microscopic charcoal (pollen slide)","direct",NA,"CHAR",102,NA,NA,"quant_raw",0.25,"volume","cm^3","RPDv1b",2049,"charcoal","count","unspec","pollen_slide","particle","10-150um num",NA,"10-150um","num","RPDv1b","measured",1,"RPDv1b","ELEMENT=10-150 µm","ECSF T2250 core",-3.980917,-79.074472,1990,"south",NA,NA,"soil",1100,1,2009,"Niemann, H., Behling, H., 2009. Late Holocene environmental change and human impact inferred from three soil monoliths and the Laguna Zurita multi-proxi record in the southeastern Ecuadorian Andes. Vegetation History and Archaeobotany 19, 1–15.","Late Holocene environmental change and human impact inferred from three soil monoliths and the Laguna Zurita multi-proxi record in the southeastern Ecuadorian Andes","Vegetation History and Archaeobotany",19,NA,"1-15",NA,"10.1007/s00334-009-0226-6",NA,NA,NA,NA,NA,NA,NA,NA,NA,NA,NA,NA,NA,"RPDv1b:2049",1100,"Niemann, H.",1,"Niemann","H.",NA,NA,NA,NA,NA,NA,NA,NA,NA,"RPDv1b:2049",1100,"RPDv1b",2049,17290,0.21,0.21,"cm",NA,"AMS","soil",708,43,NA,NA,"Erl-8901",FALSE,"contamination suspected","NA Date is in uncalibrated radiocarbon years.. Excluded from chroncontrols because contamination suspected","ECSF T2250 core_POLLENSLIDE","counted","10-150",NA,NA,"",708,NA,NA,NA,NA,NA,NA,". Cal curve: NA. Source DB: RPDv1b","","Carbon-14",NA,NA,NA,"Calibrated radiocarbon years BP","sedimentary charcoal","Data Sourcing: RPDv1b","Sample Age Source: NA"
"1100",3,"charcoal | 10-150um num",NA,6,NA,NA,NA,NA,NA,NA,"Charcoal (sum)","10-150 µm",10,150,"False","False","number","Microscopic charcoal (pollen slide)","direct",NA,"CHAR",201,NA,NA,"quant_raw",0.25,"volume","cm^3","RPDv1b",2049,"charcoal","count","unspec","pollen_slide","particle","10-150um num",NA,"10-150um","num","RPDv1b","measured",1,"RPDv1b","ELEMENT=10-150 µm","ECSF T2250 core",-3.980917,-79.074472,1990,"south",NA,NA,"soil",1100,1,2009,"Niemann, H., Behling, H., 2009. Late Holocene environmental change and human impact inferred from three soil monoliths and the Laguna Zurita multi-proxi record in the southeastern Ecuadorian Andes. Vegetation History and Archaeobotany 19, 1–15.","Late Holocene environmental change and human impact inferred from three soil monoliths and the Laguna Zurita multi-proxi record in the southeastern Ecuadorian Andes","Vegetation History and Archaeobotany",19,NA,"1-15",NA,"10.1007/s00334-009-0226-6",NA,NA,NA,NA,NA,NA,NA,NA,NA,NA,NA,NA,NA,"RPDv1b:2049",1100,"Niemann, H.",1,"Niemann","H.",NA,NA,NA,NA,NA,NA,NA,NA,NA,"RPDv1b:2049",1100,"RPDv1b",2049,17290,0.21,0.21,"cm",NA,"AMS","soil",708,43,NA,NA,"Erl-8901",FALSE,"contamination suspected","NA Date is in uncalibrated radiocarbon years.. Excluded from chroncontrols because contamination suspected","ECSF T2250 core_POLLENSLIDE","counted","10-150",NA,NA,"",708,NA,NA,NA,NA,NA,NA,". Cal curve: NA. Source DB: RPDv1b","","Carbon-14",NA,NA,NA,"Calibrated radiocarbon years BP","sedimentary charcoal","Data Sourcing: RPDv1b","Sample Age Source: NA"
"1100",4,"charcoal | 10-150um num",NA,8,NA,NA,NA,NA,NA,NA,"Charcoal (sum)","10-150 µm",10,150,"False","False","number","Microscopic charcoal (pollen slide)","direct",NA,"CHAR",59,NA,NA,"quant_raw",0.25,"volume","cm^3","RPDv1b",2049,"charcoal","count","unspec","pollen_slide","particle","10-150um num",NA,"10-150um","num","RPDv1b","measured",1,"RPDv1b","ELEMENT=10-150 µm","ECSF T2250 core",-3.980917,-79.074472,1990,"south",NA,NA,"soil",1100,1,2009,"Niemann, H., Behling, H., 2009. Late Holocene environmental change and human impact inferred from three soil monoliths and the Laguna Zurita multi-proxi record in the southeastern Ecuadorian Andes. Vegetation History and Archaeobotany 19, 1–15.","Late Holocene environmental change and human impact inferred from three soil monoliths and the Laguna Zurita multi-proxi record in the southeastern Ecuadorian Andes","Vegetation History and Archaeobotany",19,NA,"1-15",NA,"10.1007/s00334-009-0226-6",NA,NA,NA,NA,NA,NA,NA,NA,NA,NA,NA,NA,NA,"RPDv1b:2049",1100,"Niemann, H.",1,"Niemann","H.",NA,NA,NA,NA,NA,NA,NA,NA,NA,"RPDv1b:2049",1100,"RPDv1b",2049,17290,0.21,0.21,"cm",NA,"AMS","soil",708,43,NA,NA,"Erl-8901",FALSE,"contamination suspected","NA Date is in uncalibrated radiocarbon years.. Excluded from chroncontrols because contamination suspected","ECSF T2250 core_POLLENSLIDE","counted","10-150",NA,NA,"",708,NA,NA,NA,NA,NA,NA,". Cal curve: NA. Source DB: RPDv1b","","Carbon-14",NA,NA,NA,"Calibrated radiocarbon years BP","sedimentary charcoal","Data Sourcing: RPDv1b","Sample Age Source: NA"
"1100",5,"charcoal | 10-150um num",NA,10,NA,NA,NA,NA,NA,NA,"Charcoal (sum)","10-150 µm",10,150,"False","False","number","Microscopic charcoal (pollen slide)","direct",NA,"CHAR",101,NA,NA,"quant_raw",0.25,"volume","cm^3","RPDv1b",2049,"charcoal","count","unspec","pollen_slide","particle","10-150um num",NA,"10-150um","num","RPDv1b","measured",1,"RPDv1b","ELEMENT=10-150 µm","ECSF T2250 core",-3.980917,-79.074472,1990,"south",NA,NA,"soil",1100,1,2009,"Niemann, H., Behling, H., 2009. Late Holocene environmental change and human impact inferred from three soil monoliths and the Laguna Zurita multi-proxi record in the southeastern Ecuadorian Andes. Vegetation History and Archaeobotany 19, 1–15.","Late Holocene environmental change and human impact inferred from three soil monoliths and the Laguna Zurita multi-proxi record in the southeastern Ecuadorian Andes","Vegetation History and Archaeobotany",19,NA,"1-15",NA,"10.1007/s00334-009-0226-6",NA,NA,NA,NA,NA,NA,NA,NA,NA,NA,NA,NA,NA,"RPDv1b:2049",1100,"Niemann, H.",1,"Niemann","H.",NA,NA,NA,NA,NA,NA,NA,NA,NA,"RPDv1b:2049",1100,"RPDv1b",2049,17290,0.21,0.21,"cm",NA,"AMS","soil",708,43,NA,NA,"Erl-8901",FALSE,"contamination suspected","NA Date is in uncalibrated radiocarbon years.. Excluded from chroncontrols because contamination suspected","ECSF T2250 core_POLLENSLIDE","counted","10-150",NA,NA,"",708,NA,NA,NA,NA,NA,NA,". Cal curve: NA. Source DB: RPDv1b","","Carbon-14",NA,NA,NA,"Calibrated radiocarbon years BP","sedimentary charcoal","Data Sourcing: RPDv1b","Sample Age Source: NA"
"1100",6,"charcoal | 10-150um num",NA,12,NA,NA,NA,NA,NA,NA,"Charcoal (sum)","10-150 µm",10,150,"False","False","number","Microscopic charcoal (pollen slide)","direct",NA,"CHAR",159,NA,NA,"quant_raw",0.25,"volume","cm^3","RPDv1b",2049,"charcoal","count","unspec","pollen_slide","particle","10-150um num",NA,"10-150um","num","RPDv1b","measured",1,"RPDv1b","ELEMENT=10-150 µm","ECSF T2250 core",-3.980917,-79.074472,1990,"south",NA,NA,"soil",1100,1,2009,"Niemann, H., Behling, H., 2009. Late Holocene environmental change and human impact inferred from three soil monoliths and the Laguna Zurita multi-proxi record in the southeastern Ecuadorian Andes. Vegetation History and Archaeobotany 19, 1–15.","Late Holocene environmental change and human impact inferred from three soil monoliths and the Laguna Zurita multi-proxi record in the southeastern Ecuadorian Andes","Vegetation History and Archaeobotany",19,NA,"1-15",NA,"10.1007/s00334-009-0226-6",NA,NA,NA,NA,NA,NA,NA,NA,NA,NA,NA,NA,NA,"RPDv1b:2049",1100,"Niemann, H.",1,"Niemann","H.",NA,NA,NA,NA,NA,NA,NA,NA,NA,"RPDv1b:2049",1100,"RPDv1b",2049,17290,0.21,0.21,"cm",NA,"AMS","soil",708,43,NA,NA,"Erl-8901",FALSE,"contamination suspected","NA Date is in uncalibrated radiocarbon years.. Excluded from chroncontrols because contamination suspected","ECSF T2250 core_POLLENSLIDE","counted","10-150",NA,NA,"",708,NA,NA,NA,NA,NA,NA,". Cal curve: NA. Source DB: RPDv1b","","Carbon-14",NA,NA,NA,"Calibrated radiocarbon years BP","sedimentary charcoal","Data Sourcing: RPDv1b","Sample Age Source: NA"
"1100",7,"charcoal | 10-150um num",NA,14,NA,NA,NA,NA,NA,NA,"Charcoal (sum)","10-150 µm",10,150,"False","False","number","Microscopic charcoal (pollen slide)","direct",NA,"CHAR",18,NA,NA,"quant_raw",0.25,"volume","cm^3","RPDv1b",2049,"charcoal","count","unspec","pollen_slide","particle","10-150um num",NA,"10-150um","num","RPDv1b","measured",1,"RPDv1b","ELEMENT=10-150 µm","ECSF T2250 core",-3.980917,-79.074472,1990,"south",NA,NA,"soil",1100,1,2009,"Niemann, H., Behling, H., 2009. Late Holocene environmental change and human impact inferred from three soil monoliths and the Laguna Zurita multi-proxi record in the southeastern Ecuadorian Andes. Vegetation History and Archaeobotany 19, 1–15.","Late Holocene environmental change and human impact inferred from three soil monoliths and the Laguna Zurita multi-proxi record in the southeastern Ecuadorian Andes","Vegetation History and Archaeobotany",19,NA,"1-15",NA,"10.1007/s00334-009-0226-6",NA,NA,NA,NA,NA,NA,NA,NA,NA,NA,NA,NA,NA,"RPDv1b:2049",1100,"Niemann, H.",1,"Niemann","H.",NA,NA,NA,NA,NA,NA,NA,NA,NA,"RPDv1b:2049",1100,"RPDv1b",2049,17290,0.21,0.21,"cm",NA,"AMS","soil",708,43,NA,NA,"Erl-8901",FALSE,"contamination suspected","NA Date is in uncalibrated radiocarbon years.. Excluded from chroncontrols because contamination suspected","ECSF T2250 core_POLLENSLIDE","counted","10-150",NA,NA,"",708,NA,NA,NA,NA,NA,NA,". Cal curve: NA. Source DB: RPDv1b","","Carbon-14",NA,NA,NA,"Calibrated radiocarbon years BP","sedimentary charcoal","Data Sourcing: RPDv1b","Sample Age Source: NA"
"1100",8,"charcoal | 10-150um num",NA,16,NA,NA,NA,NA,NA,NA,"Charcoal (sum)","10-150 µm",10,150,"False","False","number","Microscopic charcoal (pollen slide)","direct",NA,"CHAR",31,NA,NA,"quant_raw",0.25,"volume","cm^3","RPDv1b",2049,"charcoal","count","unspec","pollen_slide","particle","10-150um num",NA,"10-150um","num","RPDv1b","measured",1,"RPDv1b","ELEMENT=10-150 µm","ECSF T2250 core",-3.980917,-79.074472,1990,"south",NA,NA,"soil",1100,1,2009,"Niemann, H., Behling, H., 2009. Late Holocene environmental change and human impact inferred from three soil monoliths and the Laguna Zurita multi-proxi record in the southeastern Ecuadorian Andes. Vegetation History and Archaeobotany 19, 1–15.","Late Holocene environmental change and human impact inferred from three soil monoliths and the Laguna Zurita multi-proxi record in the southeastern Ecuadorian Andes","Vegetation History and Archaeobotany",19,NA,"1-15",NA,"10.1007/s00334-009-0226-6",NA,NA,NA,NA,NA,NA,NA,NA,NA,NA,NA,NA,NA,"RPDv1b:2049",1100,"Niemann, H.",1,"Niemann","H.",NA,NA,NA,NA,NA,NA,NA,NA,NA,"RPDv1b:2049",1100,"RPDv1b",2049,17291,0.33,0.33,"cm",NA,"AMS","soil",915,38,NA,NA,"Erl-9448",TRUE,"","NA Date is in uncalibrated radiocarbon years.","ECSF T2250 core_POLLENSLIDE","counted","10-150",NA,NA,"",915,877,953,915,0.33,NA,"NA Date is in uncalibrated radiocarbon years.",". Cal curve: NA. Source DB: RPDv1b","","Carbon-14","Radiocarbon",NA,NA,"Calibrated radiocarbon years BP","sedimentary charcoal","Data Sourcing: RPDv1b","Sample Age Source: NA"
"1100",9,"charcoal | 10-150um num",NA,18,NA,NA,NA,NA,NA,NA,"Charcoal (sum)","10-150 µm",10,150,"False","False","number","Microscopic charcoal (pollen slide)","direct",NA,"CHAR",58,NA,NA,"quant_raw",0.25,"volume","cm^3","RPDv1b",2049,"charcoal","count","unspec","pollen_slide","particle","10-150um num",NA,"10-150um","num","RPDv1b","measured",1,"RPDv1b","ELEMENT=10-150 µm","ECSF T2250 core",-3.980917,-79.074472,1990,"south",NA,NA,"soil",1100,1,2009,"Niemann, H., Behling, H., 2009. Late Holocene environmental change and human impact inferred from three soil monoliths and the Laguna Zurita multi-proxi record in the southeastern Ecuadorian Andes. Vegetation History and Archaeobotany 19, 1–15.","Late Holocene environmental change and human impact inferred from three soil monoliths and the Laguna Zurita multi-proxi record in the southeastern Ecuadorian Andes","Vegetation History and Archaeobotany",19,NA,"1-15",NA,"10.1007/s00334-009-0226-6",NA,NA,NA,NA,NA,NA,NA,NA,NA,NA,NA,NA,NA,"RPDv1b:2049",1100,"Niemann, H.",1,"Niemann","H.",NA,NA,NA,NA,NA,NA,NA,NA,NA,"RPDv1b:2049",1100,"RPDv1b",2049,17291,0.33,0.33,"cm",NA,"AMS","soil",915,38,NA,NA,"Erl-9448",TRUE,"","NA Date is in uncalibrated radiocarbon years.","ECSF T2250 core_POLLENSLIDE","counted","10-150",NA,NA,"",915,877,953,915,0.33,NA,"NA Date is in uncalibrated radiocarbon years.",". Cal curve: NA. Source DB: RPDv1b","","Carbon-14","Radiocarbon",NA,NA,"Calibrated radiocarbon years BP","sedimentary charcoal","Data Sourcing: RPDv1b","Sample Age Source: NA"
"1100",10,"charcoal | 10-150um num",NA,20,NA,NA,NA,NA,NA,NA,"Charcoal (sum)","10-150 µm",10,150,"False","False","number","Microscopic charcoal (pollen slide)","direct",NA,"CHAR",91,NA,NA,"quant_raw",0.25,"volume","cm^3","RPDv1b",2049,"charcoal","count","unspec","pollen_slide","particle","10-150um num",NA,"10-150um","num","RPDv1b","measured",1,"RPDv1b","ELEMENT=10-150 µm","ECSF T2250 core",-3.980917,-79.074472,1990,"south",NA,NA,"soil",1100,1,2009,"Niemann, H., Behling, H., 2009. Late Holocene environmental change and human impact inferred from three soil monoliths and the Laguna Zurita multi-proxi record in the southeastern Ecuadorian Andes. Vegetation History and Archaeobotany 19, 1–15.","Late Holocene environmental change and human impact inferred from three soil monoliths and the Laguna Zurita multi-proxi record in the southeastern Ecuadorian Andes","Vegetation History and Archaeobotany",19,NA,"1-15",NA,"10.1007/s00334-009-0226-6",NA,NA,NA,NA,NA,NA,NA,NA,NA,NA,NA,NA,NA,"RPDv1b:2049",1100,"Niemann, H.",1,"Niemann","H.",NA,NA,NA,NA,NA,NA,NA,NA,NA,"RPDv1b:2049",1100,"RPDv1b",2049,17291,0.33,0.33,"cm",NA,"AMS","soil",915,38,NA,NA,"Erl-9448",TRUE,"","NA Date is in uncalibrated radiocarbon years.","ECSF T2250 core_POLLENSLIDE","counted","10-150",NA,NA,"",915,877,953,915,0.33,NA,"NA Date is in uncalibrated radiocarbon years.",". Cal curve: NA. Source DB: RPDv1b","","Carbon-14","Radiocarbon",NA,NA,"Calibrated radiocarbon years BP","sedimentary charcoal","Data Sourcing: RPDv1b","Sample Age Source: NA"
"1100",11,"charcoal | 10-150um num",NA,22,NA,NA,NA,NA,NA,NA,"Charcoal (sum)","10-150 µm",10,150,"False","False","number","Microscopic charcoal (pollen slide)","direct",NA,"CHAR",150,NA,NA,"quant_raw",0.25,"volume","cm^3","RPDv1b",2049,"charcoal","count","unspec","pollen_slide","particle","10-150um num",NA,"10-150um","num","RPDv1b","measured",1,"RPDv1b","ELEMENT=10-150 µm","ECSF T2250 core",-3.980917,-79.074472,1990,"south",NA,NA,"soil",1100,1,2009,"Niemann, H., Behling, H., 2009. Late Holocene environmental change and human impact inferred from three soil monoliths and the Laguna Zurita multi-proxi record in the southeastern Ecuadorian Andes. Vegetation History and Archaeobotany 19, 1–15.","Late Holocene environmental change and human impact inferred from three soil monoliths and the Laguna Zurita multi-proxi record in the southeastern Ecuadorian Andes","Vegetation History and Archaeobotany",19,NA,"1-15",NA,"10.1007/s00334-009-0226-6",NA,NA,NA,NA,NA,NA,NA,NA,NA,NA,NA,NA,NA,"RPDv1b:2049",1100,"Niemann, H.",1,"Niemann","H.",NA,NA,NA,NA,NA,NA,NA,NA,NA,"RPDv1b:2049",1100,"RPDv1b",2049,17291,0.33,0.33,"cm",NA,"AMS","soil",915,38,NA,NA,"Erl-9448",TRUE,"","NA Date is in uncalibrated radiocarbon years.","ECSF T2250 core_POLLENSLIDE","counted","10-150",NA,NA,"",915,877,953,915,0.33,NA,"NA Date is in uncalibrated radiocarbon years.",". Cal curve: NA. Source DB: RPDv1b","","Carbon-14","Radiocarbon",NA,NA,"Calibrated radiocarbon years BP","sedimentary charcoal","Data Sourcing: RPDv1b","Sample Age Source: NA"
"1100",12,"charcoal | 10-150um num",NA,24,NA,NA,NA,NA,NA,NA,"Charcoal (sum)","10-150 µm",10,150,"False","False","number","Microscopic charcoal (pollen slide)","direct",NA,"CHAR",247,NA,NA,"quant_raw",0.25,"volume","cm^3","RPDv1b",2049,"charcoal","count","unspec","pollen_slide","particle","10-150um num",NA,"10-150um","num","RPDv1b","measured",1,"RPDv1b","ELEMENT=10-150 µm","ECSF T2250 core",-3.980917,-79.074472,1990,"south",NA,NA,"soil",1100,1,2009,"Niemann, H., Behling, H., 2009. Late Holocene environmental change and human impact inferred from three soil monoliths and the Laguna Zurita multi-proxi record in the southeastern Ecuadorian Andes. Vegetation History and Archaeobotany 19, 1–15.","Late Holocene environmental change and human impact inferred from three soil monoliths and the Laguna Zurita multi-proxi record in the southeastern Ecuadorian Andes","Vegetation History and Archaeobotany",19,NA,"1-15",NA,"10.1007/s00334-009-0226-6",NA,NA,NA,NA,NA,NA,NA,NA,NA,NA,NA,NA,NA,"RPDv1b:2049",1100,"Behling, H.",1,"Behling","H.",NA,NA,NA,NA,NA,NA,NA,NA,NA,"RPDv1b:2049",1100,"RPDv1b",2049,17291,0.33,0.33,"cm",NA,"AMS","soil",915,38,NA,NA,"Erl-9448",TRUE,"","NA Date is in uncalibrated radiocarbon years.","ECSF T2250 core_POLLENSLIDE","counted","10-150",NA,NA,"",915,877,953,915,0.33,NA,"NA Date is in uncalibrated radiocarbon years.",". Cal curve: NA. Source DB: RPDv1b","","Carbon-14","Radiocarbon",NA,NA,"Calibrated radiocarbon years BP","sedimentary charcoal","Data Sourcing: RPDv1b","Sample Age Source: NA"
"1100",13,"charcoal | 10-150um num",NA,26,NA,NA,NA,NA,NA,NA,"Charcoal (sum)","10-150 µm",10,150,"False","False","number","Microscopic charcoal (pollen slide)","direct",NA,"CHAR",203,NA,NA,"quant_raw",0.25,"volume","cm^3","RPDv1b",2049,"charcoal","count","unspec","pollen_slide","particle","10-150um num",NA,"10-150um","num","RPDv1b","measured",1,"RPDv1b","ELEMENT=10-150 µm","ECSF T2250 core",-3.980917,-79.074472,1990,"south",NA,NA,"soil",1100,1,2009,"Niemann, H., Behling, H., 2009. Late Holocene environmental change and human impact inferred from three soil monoliths and the Laguna Zurita multi-proxi record in the southeastern Ecuadorian Andes. Vegetation History and Archaeobotany 19, 1–15.","Late Holocene environmental change and human impact inferred from three soil monoliths and the Laguna Zurita multi-proxi record in the southeastern Ecuadorian Andes","Vegetation History and Archaeobotany",19,NA,"1-15",NA,"10.1007/s00334-009-0226-6",NA,NA,NA,NA,NA,NA,NA,NA,NA,NA,NA,NA,NA,"RPDv1b:2049",1100,"Behling, H.",1,"Behling","H.",NA,NA,NA,NA,NA,NA,NA,NA,NA,"RPDv1b:2049",1100,"RPDv1b",2049,17291,0.33,0.33,"cm",NA,"AMS","soil",915,38,NA,NA,"Erl-9448",TRUE,"","NA Date is in uncalibrated radiocarbon years.","ECSF T2250 core_POLLENSLIDE","counted","10-150",NA,NA,"",915,877,953,915,0.33,NA,"NA Date is in uncalibrated radiocarbon years.",". Cal curve: NA. Source DB: RPDv1b","","Carbon-14","Radiocarbon",NA,NA,"Calibrated radiocarbon years BP","sedimentary charcoal","Data Sourcing: RPDv1b","Sample Age Source: NA"
"1100",14,"charcoal | 10-150um num",NA,28,NA,NA,NA,NA,NA,NA,"Charcoal (sum)","10-150 µm",10,150,"False","False","number","Microscopic charcoal (pollen slide)","direct",NA,"CHAR",390,NA,NA,"quant_raw",0.25,"volume","cm^3","RPDv1b",2049,"charcoal","count","unspec","pollen_slide","particle","10-150um num",NA,"10-150um","num","RPDv1b","measured",1,"RPDv1b","ELEMENT=10-150 µm","ECSF T2250 core",-3.980917,-79.074472,1990,"south",NA,NA,"soil",1100,1,2009,"Niemann, H., Behling, H., 2009. Late Holocene environmental change and human impact inferred from three soil monoliths and the Laguna Zurita multi-proxi record in the southeastern Ecuadorian Andes. Vegetation History and Archaeobotany 19, 1–15.","Late Holocene environmental change and human impact inferred from three soil monoliths and the Laguna Zurita multi-proxi record in the southeastern Ecuadorian Andes","Vegetation History and Archaeobotany",19,NA,"1-15",NA,"10.1007/s00334-009-0226-6",NA,NA,NA,NA,NA,NA,NA,NA,NA,NA,NA,NA,NA,"RPDv1b:2049",1100,"Behling, H.",1,"Behling","H.",NA,NA,NA,NA,NA,NA,NA,NA,NA,"RPDv1b:2049",1100,"RPDv1b",2049,17291,0.33,0.33,"cm",NA,"AMS","soil",915,38,NA,NA,"Erl-9448",TRUE,"","NA Date is in uncalibrated radiocarbon years.","ECSF T2250 core_POLLENSLIDE","counted","10-150",NA,NA,"",915,877,953,915,0.33,NA,"NA Date is in uncalibrated radiocarbon years.",". Cal curve: NA. Source DB: RPDv1b","","Carbon-14","Radiocarbon",NA,NA,"Calibrated radiocarbon years BP","sedimentary charcoal","Data Sourcing: RPDv1b","Sample Age Source: NA"
"1100",15,"charcoal | 10-150um num",NA,30,NA,NA,NA,NA,NA,NA,"Charcoal (sum)","10-150 µm",10,150,"False","False","number","Microscopic charcoal (pollen slide)","direct",NA,"CHAR",144,NA,NA,"quant_raw",0.25,"volume","cm^3","RPDv1b",2049,"charcoal","count","unspec","pollen_slide","particle","10-150um num",NA,"10-150um","num","RPDv1b","measured",1,"RPDv1b","ELEMENT=10-150 µm","ECSF T2250 core",-3.980917,-79.074472,1990,"south",NA,NA,"soil",1100,1,2009,"Niemann, H., Behling, H., 2009. Late Holocene environmental change and human impact inferred from three soil monoliths and the Laguna Zurita multi-proxi record in the southeastern Ecuadorian Andes. Vegetation History and Archaeobotany 19, 1–15.","Late Holocene environmental change and human impact inferred from three soil monoliths and the Laguna Zurita multi-proxi record in the southeastern Ecuadorian Andes","Vegetation History and Archaeobotany",19,NA,"1-15",NA,"10.1007/s00334-009-0226-6",NA,NA,NA,NA,NA,NA,NA,NA,NA,NA,NA,NA,NA,"RPDv1b:2049",1100,"Behling, H.",1,"Behling","H.",NA,NA,NA,NA,NA,NA,NA,NA,NA,"RPDv1b:2049",1100,"RPDv1b",2049,17291,0.33,0.33,"cm",NA,"AMS","soil",915,38,NA,NA,"Erl-9448",TRUE,"","NA Date is in uncalibrated radiocarbon years.","ECSF T2250 core_POLLENSLIDE","counted","10-150",NA,NA,"",915,877,953,915,0.33,NA,"NA Date is in uncalibrated radiocarbon years.",". Cal curve: NA. Source DB: RPDv1b","","Carbon-14","Radiocarbon",NA,NA,"Calibrated radiocarbon years BP","sedimentary charcoal","Data Sourcing: RPDv1b","Sample Age Source: NA"
"1100",16,"charcoal | 10-150um num",NA,32,NA,NA,NA,NA,NA,NA,"Charcoal (sum)","10-150 µm",10,150,"False","False","number","Microscopic charcoal (pollen slide)","direct",NA,"CHAR",360,NA,NA,"quant_raw",0.25,"volume","cm^3","RPDv1b",2049,"charcoal","count","unspec","pollen_slide","particle","10-150um num",NA,"10-150um","num","RPDv1b","measured",1,"RPDv1b","ELEMENT=10-150 µm","ECSF T2250 core",-3.980917,-79.074472,1990,"south",NA,NA,"soil",1100,1,2009,"Niemann, H., Behling, H., 2009. Late Holocene environmental change and human impact inferred from three soil monoliths and the Laguna Zurita multi-proxi record in the southeastern Ecuadorian Andes. Vegetation History and Archaeobotany 19, 1–15.","Late Holocene environmental change and human impact inferred from three soil monoliths and the Laguna Zurita multi-proxi record in the southeastern Ecuadorian Andes","Vegetation History and Archaeobotany",19,NA,"1-15",NA,"10.1007/s00334-009-0226-6",NA,NA,NA,NA,NA,NA,NA,NA,NA,NA,NA,NA,NA,"RPDv1b:2049",1100,"Behling, H.",1,"Behling","H.",NA,NA,NA,NA,NA,NA,NA,NA,NA,"RPDv1b:2049",1100,"RPDv1b",2049,17292,0.46,0.46,"cm",NA,"AMS","soil",533,48,NA,NA,"Erl-8902",FALSE,"contamination suspected","NA Date is in uncalibrated radiocarbon years.. Excluded from chroncontrols because contamination suspected","ECSF T2250 core_POLLENSLIDE","counted","10-150",NA,NA,"",533,NA,NA,NA,NA,NA,NA,". Cal curve: NA. Source DB: RPDv1b","","Carbon-14",NA,NA,NA,"Calibrated radiocarbon years BP","sedimentary charcoal","Data Sourcing: RPDv1b","Sample Age Source: NA"
"1100",17,"charcoal | 10-150um num",NA,34,NA,NA,NA,NA,NA,NA,"Charcoal (sum)","10-150 µm",10,150,"False","False","number","Microscopic charcoal (pollen slide)","direct",NA,"CHAR",49,NA,NA,"quant_raw",0.25,"volume","cm^3","RPDv1b",2049,"charcoal","count","unspec","pollen_slide","particle","10-150um num",NA,"10-150um","num","RPDv1b","measured",1,"RPDv1b","ELEMENT=10-150 µm","ECSF T2250 core",-3.980917,-79.074472,1990,"south",NA,NA,"soil",1100,1,2009,"Niemann, H., Behling, H., 2009. Late Holocene environmental change and human impact inferred from three soil monoliths and the Laguna Zurita multi-proxi record in the southeastern Ecuadorian Andes. Vegetation History and Archaeobotany 19, 1–15.","Late Holocene environmental change and human impact inferred from three soil monoliths and the Laguna Zurita multi-proxi record in the southeastern Ecuadorian Andes","Vegetation History and Archaeobotany",19,NA,"1-15",NA,"10.1007/s00334-009-0226-6",NA,NA,NA,NA,NA,NA,NA,NA,NA,NA,NA,NA,NA,"RPDv1b:2049",1100,"Behling, H.",1,"Behling","H.",NA,NA,NA,NA,NA,NA,NA,NA,NA,"RPDv1b:2049",1100,"RPDv1b",2049,17292,0.46,0.46,"cm",NA,"AMS","soil",533,48,NA,NA,"Erl-8902",FALSE,"contamination suspected","NA Date is in uncalibrated radiocarbon years.. Excluded from chroncontrols because contamination suspected","ECSF T2250 core_POLLENSLIDE","counted","10-150",NA,NA,"",533,NA,NA,NA,NA,NA,NA,". Cal curve: NA. Source DB: RPDv1b","","Carbon-14",NA,NA,NA,"Calibrated radiocarbon years BP","sedimentary charcoal","Data Sourcing: RPDv1b","Sample Age Source: NA"
"1100",18,"charcoal | 10-150um num",NA,36,NA,NA,NA,NA,NA,NA,"Charcoal (sum)","10-150 µm",10,150,"False","False","number","Microscopic charcoal (pollen slide)","direct",NA,"CHAR",269,NA,NA,"quant_raw",0.25,"volume","cm^3","RPDv1b",2049,"charcoal","count","unspec","pollen_slide","particle","10-150um num",NA,"10-150um","num","RPDv1b","measured",1,"RPDv1b","ELEMENT=10-150 µm","ECSF T2250 core",-3.980917,-79.074472,1990,"south",NA,NA,"soil",1100,1,2009,"Niemann, H., Behling, H., 2009. Late Holocene environmental change and human impact inferred from three soil monoliths and the Laguna Zurita multi-proxi record in the southeastern Ecuadorian Andes. Vegetation History and Archaeobotany 19, 1–15.","Late Holocene environmental change and human impact inferred from three soil monoliths and the Laguna Zurita multi-proxi record in the southeastern Ecuadorian Andes","Vegetation History and Archaeobotany",19,NA,"1-15",NA,"10.1007/s00334-009-0226-6",NA,NA,NA,NA,NA,NA,NA,NA,NA,NA,NA,NA,NA,"RPDv1b:2049",1100,"Behling, H.",1,"Behling","H.",NA,NA,NA,NA,NA,NA,NA,NA,NA,"RPDv1b:2049",1100,"RPDv1b",2049,17292,0.46,0.46,"cm",NA,"AMS","soil",533,48,NA,NA,"Erl-8902",FALSE,"contamination suspected","NA Date is in uncalibrated radiocarbon years.. Excluded from chroncontrols because contamination suspected","ECSF T2250 core_POLLENSLIDE","counted","10-150",NA,NA,"",533,NA,NA,NA,NA,NA,NA,". Cal curve: NA. Source DB: RPDv1b","","Carbon-14",NA,NA,NA,"Calibrated radiocarbon years BP","sedimentary charcoal","Data Sourcing: RPDv1b","Sample Age Source: NA"
"1100",19,"charcoal | 10-150um num",NA,38,NA,NA,NA,NA,NA,NA,"Charcoal (sum)","10-150 µm",10,150,"False","False","number","Microscopic charcoal (pollen slide)","direct",NA,"CHAR",477,NA,NA,"quant_raw",0.25,"volume","cm^3","RPDv1b",2049,"charcoal","count","unspec","pollen_slide","particle","10-150um num",NA,"10-150um","num","RPDv1b","measured",1,"RPDv1b","ELEMENT=10-150 µm","ECSF T2250 core",-3.980917,-79.074472,1990,"south",NA,NA,"soil",1100,1,2009,"Niemann, H., Behling, H., 2009. Late Holocene environmental change and human impact inferred from three soil monoliths and the Laguna Zurita multi-proxi record in the southeastern Ecuadorian Andes. Vegetation History and Archaeobotany 19, 1–15.","Late Holocene environmental change and human impact inferred from three soil monoliths and the Laguna Zurita multi-proxi record in the southeastern Ecuadorian Andes","Vegetation History and Archaeobotany",19,NA,"1-15",NA,"10.1007/s00334-009-0226-6",NA,NA,NA,NA,NA,NA,NA,NA,NA,NA,NA,NA,NA,"RPDv1b:2049",1100,"Behling, H.",1,"Behling","H.",NA,NA,NA,NA,NA,NA,NA,NA,NA,"RPDv1b:2049",1100,"RPDv1b",2049,17292,0.46,0.46,"cm",NA,"AMS","soil",533,48,NA,NA,"Erl-8902",FALSE,"contamination suspected","NA Date is in uncalibrated radiocarbon years.. Excluded from chroncontrols because contamination suspected","ECSF T2250 core_POLLENSLIDE","counted","10-150",NA,NA,"",533,NA,NA,NA,NA,NA,NA,". Cal curve: NA. Source DB: RPDv1b","","Carbon-14",NA,NA,NA,"Calibrated radiocarbon years BP","sedimentary charcoal","Data Sourcing: RPDv1b","Sample Age Source: NA"
"1100",20,"charcoal | 10-150um num",NA,40,NA,NA,NA,NA,NA,NA,"Charcoal (sum)","10-150 µm",10,150,"False","False","number","Microscopic charcoal (pollen slide)","direct",NA,"CHAR",552,NA,NA,"quant_raw",0.25,"volume","cm^3","RPDv1b",2049,"charcoal","count","unspec","pollen_slide","particle","10-150um num",NA,"10-150um","num","RPDv1b","measured",1,"RPDv1b","ELEMENT=10-150 µm","ECSF T2250 core",-3.980917,-79.074472,1990,"south",NA,NA,"soil",1100,1,2009,"Niemann, H., Behling, H., 2009. Late Holocene environmental change and human impact inferred from three soil monoliths and the Laguna Zurita multi-proxi record in the southeastern Ecuadorian Andes. Vegetation History and Archaeobotany 19, 1–15.","Late Holocene environmental change and human impact inferred from three soil monoliths and the Laguna Zurita multi-proxi record in the southeastern Ecuadorian Andes","Vegetation History and Archaeobotany",19,NA,"1-15",NA,"10.1007/s00334-009-0226-6",NA,NA,NA,NA,NA,NA,NA,NA,NA,NA,NA,NA,NA,"RPDv1b:2049",1100,"Behling, H.",1,"Behling","H.",NA,NA,NA,NA,NA,NA,NA,NA,NA,"RPDv1b:2049",1100,"RPDv1b",2049,17292,0.46,0.46,"cm",NA,"AMS","soil",533,48,NA,NA,"Erl-8902",FALSE,"contamination suspected","NA Date is in uncalibrated radiocarbon years.. Excluded from chroncontrols because contamination suspected","ECSF T2250 core_POLLENSLIDE","counted","10-150",NA,NA,"",533,NA,NA,NA,NA,NA,NA,". Cal curve: NA. Source DB: RPDv1b","","Carbon-14",NA,NA,NA,"Calibrated radiocarbon years BP","sedimentary charcoal","Data Sourcing: RPDv1b","Sample Age Source: NA"
"1100",21,"charcoal | 10-150um num",NA,42,NA,NA,NA,NA,NA,NA,"Charcoal (sum)","10-150 µm",10,150,"False","False","number","Microscopic charcoal (pollen slide)","direct",NA,"CHAR",560,NA,NA,"quant_raw",0.25,"volume","cm^3","RPDv1b",2049,"charcoal","count","unspec","pollen_slide","particle","10-150um num",NA,"10-150um","num","RPDv1b","measured",1,"RPDv1b","ELEMENT=10-150 µm","ECSF T2250 core",-3.980917,-79.074472,1990,"south",NA,NA,"soil",1100,1,2009,"Niemann, H., Behling, H., 2009. Late Holocene environmental change and human impact inferred from three soil monoliths and the Laguna Zurita multi-proxi record in the southeastern Ecuadorian Andes. Vegetation History and Archaeobotany 19, 1–15.","Late Holocene environmental change and human impact inferred from three soil monoliths and the Laguna Zurita multi-proxi record in the southeastern Ecuadorian Andes","Vegetation History and Archaeobotany",19,NA,"1-15",NA,"10.1007/s00334-009-0226-6",NA,NA,NA,NA,NA,NA,NA,NA,NA,NA,NA,NA,NA,"RPDv1b:2049",1100,"Behling, H.",1,"Behling","H.",NA,NA,NA,NA,NA,NA,NA,NA,NA,"RPDv1b:2049",1100,"RPDv1b",2049,17292,0.46,0.46,"cm",NA,"AMS","soil",533,48,NA,NA,"Erl-8902",FALSE,"contamination suspected","NA Date is in uncalibrated radiocarbon years.. Excluded from chroncontrols because contamination suspected","ECSF T2250 core_POLLENSLIDE","counted","10-150",NA,NA,"",533,NA,NA,NA,NA,NA,NA,". Cal curve: NA. Source DB: RPDv1b","","Carbon-14",NA,NA,NA,"Calibrated radiocarbon years BP","sedimentary charcoal","Data Sourcing: RPDv1b","Sample Age Source: NA"
"1100",22,"charcoal | 10-150um num",NA,44,NA,NA,NA,NA,NA,NA,"Charcoal (sum)","10-150 µm",10,150,"False","False","number","Microscopic charcoal (pollen slide)","direct",NA,"CHAR",671,NA,NA,"quant_raw",0.25,"volume","cm^3","RPDv1b",2049,"charcoal","count","unspec","pollen_slide","particle","10-150um num",NA,"10-150um","num","RPDv1b","measured",1,"RPDv1b","ELEMENT=10-150 µm","ECSF T2250 core",-3.980917,-79.074472,1990,"south",NA,NA,"soil",1100,1,2009,"Niemann, H., Behling, H., 2009. Late Holocene environmental change and human impact inferred from three soil monoliths and the Laguna Zurita multi-proxi record in the southeastern Ecuadorian Andes. Vegetation History and Archaeobotany 19, 1–15.","Late Holocene environmental change and human impact inferred from three soil monoliths and the Laguna Zurita multi-proxi record in the southeastern Ecuadorian Andes","Vegetation History and Archaeobotany",19,NA,"1-15",NA,"10.1007/s00334-009-0226-6",NA,NA,NA,NA,NA,NA,NA,NA,NA,NA,NA,NA,NA,"RPDv1b:2049",1100,"Behling, H.",1,"Behling","H.",NA,NA,NA,NA,NA,NA,NA,NA,NA,"RPDv1b:2049",1100,"RPDv1b",2049,17292,0.46,0.46,"cm",NA,"AMS","soil",533,48,NA,NA,"Erl-8902",FALSE,"contamination suspected","NA Date is in uncalibrated radiocarbon years.. Excluded from chroncontrols because contamination suspected","ECSF T2250 core_POLLENSLIDE","counted","10-150",NA,NA,"",533,NA,NA,NA,NA,NA,NA,". Cal curve: NA. Source DB: RPDv1b","","Carbon-14",NA,NA,NA,"Calibrated radiocarbon years BP","sedimentary charcoal","Data Sourcing: RPDv1b","Sample Age Source: NA"
"1100",23,"charcoal | 10-150um num",NA,46,NA,NA,NA,NA,NA,NA,"Charcoal (sum)","10-150 µm",10,150,"False","False","number","Microscopic charcoal (pollen slide)","direct",NA,"CHAR",608,NA,NA,"quant_raw",0.25,"volume","cm^3","RPDv1b",2049,"charcoal","count","unspec","pollen_slide","particle","10-150um num",NA,"10-150um","num","RPDv1b","measured",1,"RPDv1b","ELEMENT=10-150 µm","ECSF T2250 core",-3.980917,-79.074472,1990,"south",NA,NA,"soil",1100,1,2009,"Niemann, H., Behling, H., 2009. Late Holocene environmental change and human impact inferred from three soil monoliths and the Laguna Zurita multi-proxi record in the southeastern Ecuadorian Andes. Vegetation History and Archaeobotany 19, 1–15.","Late Holocene environmental change and human impact inferred from three soil monoliths and the Laguna Zurita multi-proxi record in the southeastern Ecuadorian Andes","Vegetation History and Archaeobotany",19,NA,"1-15",NA,"10.1007/s00334-009-0226-6",NA,NA,NA,NA,NA,NA,NA,NA,NA,NA,NA,NA,NA,"RPDv1b:2049",1100,"Behling, H.",1,"Behling","H.",NA,NA,NA,NA,NA,NA,NA,NA,NA,"RPDv1b:2049",1100,"RPDv1b",2049,17292,0.46,0.46,"cm",NA,"AMS","soil",533,48,NA,NA,"Erl-8902",FALSE,"contamination suspected","NA Date is in uncalibrated radiocarbon years.. Excluded from chroncontrols because contamination suspected","ECSF T2250 core_POLLENSLIDE","counted","10-150",NA,NA,"",533,NA,NA,NA,NA,NA,NA,". Cal curve: NA. Source DB: RPDv1b","","Carbon-14",NA,NA,NA,"Calibrated radiocarbon years BP","sedimentary charcoal","Data Sourcing: RPDv1b","Sample Age Source: NA"
"1100",24,"charcoal | 10-150um num",NA,48,NA,NA,NA,NA,NA,NA,"Charcoal (sum)","10-150 µm",10,150,"False","False","number","Microscopic charcoal (pollen slide)","direct",NA,"CHAR",1210,NA,NA,"quant_raw",0.25,"volume","cm^3","RPDv1b",2049,"charcoal","count","unspec","pollen_slide","particle","10-150um num",NA,"10-150um","num","RPDv1b","measured",1,"RPDv1b","ELEMENT=10-150 µm","ECSF T2250 core",-3.980917,-79.074472,1990,"south",NA,NA,"soil",1100,1,2009,"Niemann, H., Behling, H., 2009. Late Holocene environmental change and human impact inferred from three soil monoliths and the Laguna Zurita multi-proxi record in the southeastern Ecuadorian Andes. Vegetation History and Archaeobotany 19, 1–15.","Late Holocene environmental change and human impact inferred from three soil monoliths and the Laguna Zurita multi-proxi record in the southeastern Ecuadorian Andes","Vegetation History and Archaeobotany",19,NA,"1-15",NA,"10.1007/s00334-009-0226-6",NA,NA,NA,NA,NA,NA,NA,NA,NA,NA,NA,NA,NA,"RPDv1b:2049",1100,"Niemann, H.",1,"Niemann","H.",NA,NA,NA,NA,NA,NA,NA,NA,NA,"RPDv1b:2049",1100,"RPDv1b",2049,17290,0.21,0.21,"cm",NA,"AMS","soil",708,43,NA,NA,"Erl-8901",FALSE,"contamination suspected","NA Date is in uncalibrated radiocarbon years.. Excluded from chroncontrols because contamination suspected","ECSF T2250 core_POLLENSLIDE","counted","10-150",NA,NA,"",708,NA,NA,NA,NA,NA,NA,". Cal curve: NA. Source DB: RPDv1b","","Carbon-14",NA,NA,NA,"Calibrated radiocarbon years BP","sedimentary charcoal","Data Sourcing: RPDv1b","Sample Age Source: NA"
